<?xml version="1.0" encoding="UTF-8"?>
<project-private xmlns="http://www.netbeans.org/ns/project-private/1">
    <editor-bookmarks xmlns="http://www.netbeans.org/ns/editor-bookmarks/2" lastBookmarkId="0"/>
    <open-files xmlns="http://www.netbeans.org/ns/projectui-open-files/2">
        <group>
            <file>file:/C:/Users/stefvn/Downloads/bases%20II/monitoreo/web/index.html</file>
            <file>file:/C:/Users/stefvn/Downloads/bases%20II/monitoreo/src/java/prueba/ConnectionOptions.java</file>
            <file>file:/C:/Users/stefvn/Downloads/bases%20II/monitoreo/nbproject/build-impl.xml</file>
            <file>file:/C:/Users/stefvn/Downloads/bases%20II/monitoreo/src/java/prueba/MyOracleTest.java</file>
        </group>
    </open-files>
</project-private>
